[
    {
        "pk": 1,
        "model": "shoppingcart.store",
        "fields": {
            "city": "Mahwah",
            "name": "Baby Geniuses",
            "is_active": true,
            "zipcode": "07430",
            "state": "NJ",
            "address": "115 Second St",
            "subdomain": "babygeniuses",
            "email": "babygeniuses@hotmail.com",
            "description": "Baby Geniuses is a family owned toy store with three locations in New Jersey. We believe that children learn through play and that toys offer endless possibilities to enhance their learning.  We strive to offer the best possible play options for children of all ages."
        }
    },
    {
        "pk": 2,
        "model": "shoppingcart.store",
        "fields": {
            "city": "New Brunswick",
            "name": "Nerdgasm",
            "is_active": true,
            "zipcode": "8901",
            "state": "NJ",
            "address": "20 Morrell St",
            "subdomain": "nerdgasm",
            "email": "nerdgasm@gmail.com",
            "description": "For all your Nerdtastic needs!  Nerdgasm is committed to providing great service and prices, and making the shopping experience as much fun as reading and collecting.  Nerdgasm offers a vast selection of comic book related action figures, statues, movies, books and so much more, all available online and in-store."
        }
    },
    {
        "pk": 3,
        "model": "shoppingcart.store",
        "fields": {
            "city": "Staten Island",
            "name": "Speaker of the House",
            "is_active": true,
            "zipcode": "10301",
            "state": "NY",
            "address": "135 St Pauls Ave",
            "subdomain": "speakerofthehouse",
            "email": "speakerofthehouse@gmail.com",
            "description": "Since 1972 Speaker of the House has been providing design assistance and selling speaker parts to audio enthusiasts, manufacturers, and autosound installers."
        }
    },
    {
        "pk": 5,
        "model": "shoppingcart.category",
        "fields": {
            "updated_at": "2013-01-23T19:49:10.442Z",
            "created_at": "2013-01-23T19:49:10.442Z",
            "is_active": true,
            "name": "Educational Toys",
            "description": "Toys and games designed to stimulate a child's intellectual growth."
        }
    },
    {
        "pk": 4,
        "model": "shoppingcart.category",
        "fields": {
            "updated_at": "2013-01-23T19:48:16.113Z",
            "created_at": "2013-01-23T19:48:16.113Z",
            "is_active": true,
            "name": "Speakers",
            "description": "Sound equipment and its accessories"
        }
    },
    {
        "pk": 3,
        "model": "shoppingcart.category",
        "fields": {
            "updated_at": "2013-01-22T21:40:55.833Z",
            "created_at": "2013-01-22T21:40:55.833Z",
            "is_active": true,
            "name": "Graphic Novels",
            "description": "Graphic novels, comic books, and other artistic story-telling works."
        }
    },
    {
        "pk": 2,
        "model": "shoppingcart.category",
        "fields": {
            "updated_at": "2013-01-22T21:40:26.029Z",
            "created_at": "2013-01-22T21:40:26.028Z",
            "is_active": true,
            "name": "Action Figures",
            "description": "Collectible action figures and their accessories"
        }
    },
    {
        "pk": 1,
        "model": "shoppingcart.category",
        "fields": {
            "updated_at": "2013-01-22T21:39:49.564Z",
            "created_at": "2013-01-22T21:39:49.564Z",
            "is_active": true,
            "name": "DVDs",
            "description": "DVDs of popular and rare movies and television series"
        }
    },
    {
        "pk": 10,
        "model": "shoppingcart.product",
        "fields": {
            "created_at": "2013-01-23T19:56:11.278Z",
            "name": "LEGO Bricks & More Deluxe Brick Box #5508 (704 pieces)",
            "internal_id": "120308",
            "old_price": "49",
            "price": "45.9",
            "is_active": true,
            "updated_at": "2013-02-28T18:42:44.023Z",
            "store_name": 1,
            "image": "lego.jpg",
            "categories": [
                5
            ],
            "description": "Creative LEGO building starts here! This sturdy and reusable deluxe storage box with removable lid includes everything you need to start imagining and building with LEGO construction! More than 700 elements include classic LEGO bricks and lots of special pieces like wheels, windows, doors, a base plate and 2 minifigures for unlimited building fun. Comes with special brick separator tool, building instructions and a building inspiration leaflet."
        }
    },
    {
        "pk": 9,
        "model": "shoppingcart.product",
        "fields": {
            "created_at": "2013-01-23T19:55:01.037Z",
            "name": "Melissa & Doug Magnetic Wooden Alphabet ",
            "internal_id": "012281",
            "old_price": "12.99",
            "price": "11.99",
            "is_active": true,
            "updated_at": "2013-02-28T18:42:21.798Z",
            "store_name": 1,
            "image": "woodenabc.jpg",
            "categories": [
                5
            ],
            "description": "Newly redesigned, themed sets include plenty of colorful, generously-sized wooden magnets."
        }
    },
    {
        "pk": 8,
        "model": "shoppingcart.product",
        "fields": {
            "created_at": "2013-01-23T19:53:24.703Z",
            "name": "VTech - Baby's Learning Laptop",
            "internal_id": "072781",
            "old_price": "0",
            "price": "25",
            "is_active": true,
            "updated_at": "2013-02-28T18:42:07.184Z",
            "store_name": 1,
            "image": "VtechLaptop.jpg",
            "categories": [
                5
            ],
            "description": "The Baby's Learning Laptop, recommended for youngsters ages 6 to 36 months, is an electronic learning toy designed just for little ones to introduce them to computer play. The colorful keyboard interacts with the bright light-up screen to teach shapes, common objects and feelings. Entertaining sound effects, melodies and a moveable mouse round out the fun!"
        }
    },
    {
        "pk": 7,
        "model": "shoppingcart.product",
        "fields": {
            "created_at": "2013-01-23T19:52:14.917Z",
            "name": "Samsung HW-E450 Wireless AirTrack Sound Bar",
            "internal_id": "020849",
            "old_price": "355.99",
            "price": "247.99",
            "is_active": true,
            "updated_at": "2013-02-28T18:41:07.359Z",
            "store_name": 3,
            "image": "SamsungSpeaker.jpg",
            "categories": [
                4
            ],
            "description": "40 Inch Wireless AirTrack with built-in woofer.Total Power: 280W = 80W x 2 + 120W.What's in the box : AudioBar (HW-E450), Wireless powered subwoofer (PS-WE450), Remote control (AH59-02434A), 2 \"AAA\" batteries, Wall-mount bracket, 7 inch USB extension cable (with a male USB type-A connector on one end and a female USB type-A connector on other end), 5' Stereo mini-to-RCA cable, Large ferrite core, 2 Small ferrite cores, User Manual, Quick Setup Guide and Online Product Registration information.Power Consumption: Stand-by Power Consumption: 0.45W , Operating Power Consumption, Main : 25.9W / Subwoofer: 20W and Main: Single Voltage (220V) / Subwoofer: Free Voltage.Subwoofer Dimension : 6.9 x 14.3 x 11.6 Inches."
        }
    },
    {
        "pk": 6,
        "model": "shoppingcart.product",
        "fields": {
            "created_at": "2013-01-23T19:51:21.005Z",
            "name": "Sonos PLAY:5 All-in-One Wireless Music Player with 5 Integrated Speakers (S5, Black)",
            "internal_id": "061444",
            "old_price": "0",
            "price": "399",
            "is_active": true,
            "updated_at": "2013-02-28T18:40:53.491Z",
            "store_name": 3,
            "image": "SonosSpeaker.jpg",
            "categories": [
                4
            ],
            "description": "The original, bigger room, bigger sound all-in-one Sonos music player. With 5 integrated speakers powered by 5 digital amps, the PLAY:5 is a HiFi powerhouse of sound that will astound your ears. Wirelessly stream your entire iTunes library, favorite music services, and thousands of radio stations to any room. Set it up in minutes, and expand until every room in your home is packed with your favorite tunes. Control it all with free apps for your Android smartphone, iPhone, or iPad."
        }
    },
    {
        "pk": 5,
        "model": "shoppingcart.product",
        "fields": {
            "created_at": "2013-01-23T19:50:33.210Z",
            "name": "Boston Acoustics TVee Model 25 Sound System with Sleek Soundbar and Wireless Subwoofer (Black)",
            "internal_id": "042080",
            "old_price": "349.99",
            "price": "199",
            "is_active": true,
            "updated_at": "2013-02-28T18:40:31.560Z",
            "store_name": 3,
            "image": "bosespeakers.jpg",
            "categories": [
                4
            ],
            "description": "Adding a TVee Model 25 to a flat panel television is the easiest way to improve your viewing experience. It delivers legendary Boston Acoustics sound complimenting HD picture quality. Whether you\u2019re watching sports, playing games, or just relaxing to your favorite playlist-TVee brings every tackle, every sound, and every note to life with clarity and impact. The TVee Model 25 is a \u201c2.1\u201d system consisting of a sleek sound bar and wireless subwoofer that work together seamlessly. The system packs 150-watts total power (peak) in a compact, easy to install and use system. Installation is simple, with just one cable (either digital or analog) connection between the sound bar and your TV. Just plug the subwoofer power cord in and it automatically connects wirelessly to the sound bar system. It\u2019s just as easy to use because the TVee Model 25 doesn\u2019t require an additional remote control. It learns the basic commands of whatever remote control you use; your TV, cable box or satellite box remote. The TVee Model 25 sounds great thanks to leading edge technology. Its optical digital input features Dolby Digital decoding and the Virtual Surround mode is Digitally Optimized for improved performance. It even has selectable Movie and Music listening modes to optimize the system for viewing or music playback. The TVee Model 25 is classic Boston Acoustics. Every component is engineered to meet the highest performance standards. Of course, performance is only one measure of value. So Boston is careful to build all its products with strict attention to everything from the choice of materials to the details of fit and finish. It\u2019s how Boston has been exceeding the expectations of serious listeners for over thirty years."
        }
    },
    {
        "pk": 4,
        "model": "shoppingcart.product",
        "fields": {
            "created_at": "2013-01-22T21:46:41.450Z",
            "name": "X-Men Action Figures",
            "internal_id": "122579",
            "old_price": "74.99",
            "price": "65.99",
            "is_active": true,
            "updated_at": "2013-02-28T18:40:21.004Z",
            "store_name": 2,
            "image": "xmen.jpg",
            "categories": [
                2
            ],
            "description": "Set includes six action figures: Colossus, Wolverine, Thunderbird, Storm, Cyclops, and Nightcrawler\r\nCostume stylings as seen in the Giant-Size X-Men #1 comic book from 1975\r\nHighly detailed figures pack 16 points of articulation\r\n3 3/4'' - 4 1/2'' H"
        }
    },
    {
        "pk": 3,
        "model": "shoppingcart.product",
        "fields": {
            "created_at": "2013-01-22T21:45:53.471Z",
            "name": "Bill and Ted's Bogus Journey",
            "internal_id": "011886",
            "old_price": "15.99",
            "price": "12.99",
            "is_active": true,
            "updated_at": "2013-02-28T18:40:06.246Z",
            "store_name": 2,
            "image": "billandted.jpg",
            "categories": [
                1
            ],
            "description": "In this sequel to BILL & TED'S EXCELLENT ADVENTURE, the dimwitted duo travel to Heaven, Hell and points in between as they meet (among others) Albert Einstein, the Easter Bunny and the Grim Reaper."
        }
    },
    {
        "pk": 2,
        "model": "shoppingcart.product",
        "fields": {
            "created_at": "2013-01-22T21:45:02.536Z",
            "name": "Doctor Who: The Complete First Series (2006)",
            "internal_id": "052277",
            "old_price": "39.99",
            "price": "29.99",
            "is_active": true,
            "updated_at": "2013-02-28T18:39:28.264Z",
            "store_name": 2,
            "image": "doctorwho.jpg",
            "categories": [
                1
            ],
            "description": "Rose Tyler meets a mysterious stranger called the Doctor, and her life will never be the same again. Soon, she realizes that her mom, her boyfriend, and the whole of Planet Earth are in danger. The only hope for salvation lies inside a strange blue police box..."
        }
    },
    {
        "pk": 1,
        "model": "shoppingcart.product",
        "fields": {
            "created_at": "2013-01-22T21:41:52.143Z",
            "name": "The Long Way Home (Buffy the Vampire Slayer, Season 8, Vol. 1)",
            "internal_id": "032779",
            "old_price": "34.99",
            "price": "29.99",
            "is_active": true,
            "updated_at": "2013-02-28T18:37:56.122Z",
            "store_name": 2,
            "image": "buffy.jpg",
            "categories": [
                3
            ],
            "description": "Since the destruction of the Hellmouth, the Slayers - newly legion - have gotten organized and are kicking some serious undead butt. But not everything's fun and firearms, as an old enemy reappears and Dawn experiences some serious growing pains. Meanwhile, one of the \"Buffy\" decoy slayers is going through major pain of her own. Buffy creator Joss Whedon brings Buffy back to Dark Horse in this direct follow-up to season seven of the smash-hit TV series. The bestselling and critically acclaimed issues #1-5 are collected here for the first time, as are their covers by Jo Chen and Georges Jeanty."
        }
    },
    {
        "pk": 38,
        "model": "shoppingcart.order",
        "fields": {
            "order_date": "2013-02-28T21:20:59.869Z",
            "user": 5,
            "store": 2
        }
    },
    {
        "pk": 37,
        "model": "shoppingcart.order",
        "fields": {
            "order_date": "2013-02-28T21:20:17.485Z",
            "user": 5,
            "store": 2
        }
    },
    {
        "pk": 36,
        "model": "shoppingcart.order",
        "fields": {
            "order_date": "2013-02-28T20:42:45.592Z",
            "user": 5,
            "store": 2
        }
    },
    {
        "pk": 35,
        "model": "shoppingcart.order",
        "fields": {
            "order_date": "2013-02-28T18:22:08.992Z",
            "user": 5,
            "store": 2
        }
    },
    {
        "pk": 34,
        "model": "shoppingcart.order",
        "fields": {
            "order_date": "2013-02-28T16:55:59.264Z",
            "user": 5,
            "store": 2
        }
    },
    {
        "pk": 33,
        "model": "shoppingcart.order",
        "fields": {
            "order_date": "2013-02-28T16:55:08.259Z",
            "user": 5,
            "store": 2
        }
    },
    {
        "pk": 32,
        "model": "shoppingcart.order",
        "fields": {
            "order_date": "2013-02-27T22:26:04.411Z",
            "user": 2,
            "store": 2
        }
    },
    {
        "pk": 31,
        "model": "shoppingcart.order",
        "fields": {
            "order_date": "2013-02-26T22:02:57.934Z",
            "user": 2,
            "store": 2
        }
    },
    {
        "pk": 30,
        "model": "shoppingcart.order",
        "fields": {
            "order_date": "2013-02-26T21:17:08.603Z",
            "user": 2,
            "store": 2
        }
    },
    {
        "pk": 29,
        "model": "shoppingcart.order",
        "fields": {
            "order_date": "2013-02-26T21:06:28.923Z",
            "user": 2,
            "store": 2
        }
    },
    {
        "pk": 28,
        "model": "shoppingcart.order",
        "fields": {
            "order_date": "2013-02-26T21:00:07.024Z",
            "user": 2,
            "store": 2
        }
    },
    {
        "pk": 27,
        "model": "shoppingcart.order",
        "fields": {
            "order_date": "2013-02-26T20:36:07.552Z",
            "user": 2,
            "store": 2
        }
    },
    {
        "pk": 26,
        "model": "shoppingcart.order",
        "fields": {
            "order_date": "2013-02-26T19:12:51.718Z",
            "user": 2,
            "store": 2
        }
    },
    {
        "pk": 25,
        "model": "shoppingcart.order",
        "fields": {
            "order_date": "2013-02-23T01:39:06.725Z",
            "user": 6,
            "store": 2
        }
    },
    {
        "pk": 24,
        "model": "shoppingcart.order",
        "fields": {
            "order_date": "2013-02-22T22:05:44.145Z",
            "user": 2,
            "store": 2
        }
    },
    {
        "pk": 23,
        "model": "shoppingcart.order",
        "fields": {
            "order_date": "2013-02-22T21:01:41.989Z",
            "user": 5,
            "store": 2
        }
    },
    {
        "pk": 22,
        "model": "shoppingcart.order",
        "fields": {
            "order_date": "2013-02-22T20:55:49.246Z",
            "user": 5,
            "store": 3
        }
    },
    {
        "pk": 21,
        "model": "shoppingcart.order",
        "fields": {
            "order_date": "2013-02-22T18:33:32.364Z",
            "user": 1,
            "store": 2
        }
    },
    {
        "pk": 20,
        "model": "shoppingcart.order",
        "fields": {
            "order_date": "2013-02-22T17:49:43.870Z",
            "user": 1,
            "store": 2
        }
    },
    {
        "pk": 19,
        "model": "shoppingcart.order",
        "fields": {
            "order_date": "2013-02-22T17:44:22.511Z",
            "user": 1,
            "store": 2
        }
    },
    {
        "pk": 18,
        "model": "shoppingcart.order",
        "fields": {
            "order_date": "2013-02-22T17:31:52.229Z",
            "user": 1,
            "store": 2
        }
    },
    {
        "pk": 17,
        "model": "shoppingcart.order",
        "fields": {
            "order_date": "2013-02-22T17:06:49.940Z",
            "user": 1,
            "store": 2
        }
    },
    {
        "pk": 16,
        "model": "shoppingcart.order",
        "fields": {
            "order_date": "2013-02-21T20:27:41.947Z",
            "user": 1,
            "store": 2
        }
    },
    {
        "pk": 15,
        "model": "shoppingcart.order",
        "fields": {
            "order_date": "2013-02-21T20:02:51.959Z",
            "user": 1,
            "store": 2
        }
    },
    {
        "pk": 14,
        "model": "shoppingcart.order",
        "fields": {
            "order_date": "2013-02-21T19:57:08.114Z",
            "user": 1,
            "store": 2
        }
    },
    {
        "pk": 12,
        "model": "shoppingcart.order",
        "fields": {
            "order_date": "2013-02-21T19:44:32.806Z",
            "user": 1,
            "store": 2
        }
    },
    {
        "pk": 11,
        "model": "shoppingcart.order",
        "fields": {
            "order_date": "2013-02-21T19:28:26.950Z",
            "user": 2,
            "store": 2
        }
    },
    {
        "pk": 10,
        "model": "shoppingcart.order",
        "fields": {
            "order_date": "2013-02-20T18:06:50.737Z",
            "user": 1,
            "store": 2
        }
    },
    {
        "pk": 9,
        "model": "shoppingcart.order",
        "fields": {
            "order_date": "2013-02-20T17:57:21.687Z",
            "user": 1,
            "store": 2
        }
    },
    {
        "pk": 8,
        "model": "shoppingcart.order",
        "fields": {
            "order_date": "2013-02-20T17:21:17.591Z",
            "user": 1,
            "store": 2
        }
    },
    {
        "pk": 7,
        "model": "shoppingcart.order",
        "fields": {
            "order_date": "2013-02-20T16:32:01.372Z",
            "user": 1,
            "store": 3
        }
    },
    {
        "pk": 6,
        "model": "shoppingcart.order",
        "fields": {
            "order_date": "2013-02-20T15:57:01.543Z",
            "user": 1,
            "store": 2
        }
    },
    {
        "pk": 4,
        "model": "shoppingcart.order",
        "fields": {
            "order_date": "2013-02-20T15:48:54.002Z",
            "user": 1,
            "store": 2
        }
    },
    {
        "pk": 2,
        "model": "shoppingcart.order",
        "fields": {
            "order_date": "2013-02-19T22:09:44.203Z",
            "user": 2,
            "store": 2
        }
    },
    {
        "pk": 1,
        "model": "shoppingcart.order",
        "fields": {
            "order_date": "2013-02-19T22:07:12.273Z",
            "user": 2,
            "store": 2
        }
    },
    {
        "pk": 64,
        "model": "shoppingcart.item",
        "fields": {
            "product": 4,
            "order": 38,
            "quantity": 2
        }
    },
    {
        "pk": 60,
        "model": "shoppingcart.item",
        "fields": {
            "product": 1,
            "order": 37,
            "quantity": 0
        }
    },
    {
        "pk": 61,
        "model": "shoppingcart.item",
        "fields": {
            "product": 2,
            "order": 37,
            "quantity": 0
        }
    },
    {
        "pk": 62,
        "model": "shoppingcart.item",
        "fields": {
            "product": 3,
            "order": 37,
            "quantity": 2
        }
    },
    {
        "pk": 63,
        "model": "shoppingcart.item",
        "fields": {
            "product": 4,
            "order": 37,
            "quantity": 4
        }
    },
    {
        "pk": 59,
        "model": "shoppingcart.item",
        "fields": {
            "product": 4,
            "order": 36,
            "quantity": 6
        }
    },
    {
        "pk": 58,
        "model": "shoppingcart.item",
        "fields": {
            "product": 4,
            "order": 35,
            "quantity": 9
        }
    },
    {
        "pk": 57,
        "model": "shoppingcart.item",
        "fields": {
            "product": 4,
            "order": 34,
            "quantity": 3
        }
    },
    {
        "pk": 55,
        "model": "shoppingcart.item",
        "fields": {
            "product": 1,
            "order": 33,
            "quantity": 3
        }
    },
    {
        "pk": 56,
        "model": "shoppingcart.item",
        "fields": {
            "product": 4,
            "order": 33,
            "quantity": 1
        }
    },
    {
        "pk": 54,
        "model": "shoppingcart.item",
        "fields": {
            "product": 3,
            "order": 32,
            "quantity": 1
        }
    },
    {
        "pk": 52,
        "model": "shoppingcart.item",
        "fields": {
            "product": 3,
            "order": 31,
            "quantity": 10
        }
    },
    {
        "pk": 53,
        "model": "shoppingcart.item",
        "fields": {
            "product": 4,
            "order": 31,
            "quantity": 1
        }
    },
    {
        "pk": 50,
        "model": "shoppingcart.item",
        "fields": {
            "product": 3,
            "order": 30,
            "quantity": 6
        }
    },
    {
        "pk": 51,
        "model": "shoppingcart.item",
        "fields": {
            "product": 4,
            "order": 30,
            "quantity": 5
        }
    },
    {
        "pk": 48,
        "model": "shoppingcart.item",
        "fields": {
            "product": 3,
            "order": 29,
            "quantity": 7
        }
    },
    {
        "pk": 49,
        "model": "shoppingcart.item",
        "fields": {
            "product": 4,
            "order": 29,
            "quantity": 2
        }
    },
    {
        "pk": 47,
        "model": "shoppingcart.item",
        "fields": {
            "product": 4,
            "order": 28,
            "quantity": 5
        }
    },
    {
        "pk": 46,
        "model": "shoppingcart.item",
        "fields": {
            "product": 4,
            "order": 27,
            "quantity": 23
        }
    },
    {
        "pk": 42,
        "model": "shoppingcart.item",
        "fields": {
            "product": 1,
            "order": 26,
            "quantity": 1
        }
    },
    {
        "pk": 43,
        "model": "shoppingcart.item",
        "fields": {
            "product": 2,
            "order": 26,
            "quantity": 4
        }
    },
    {
        "pk": 44,
        "model": "shoppingcart.item",
        "fields": {
            "product": 3,
            "order": 26,
            "quantity": 5
        }
    },
    {
        "pk": 45,
        "model": "shoppingcart.item",
        "fields": {
            "product": 4,
            "order": 26,
            "quantity": 3
        }
    },
    {
        "pk": 40,
        "model": "shoppingcart.item",
        "fields": {
            "product": 2,
            "order": 25,
            "quantity": 5
        }
    },
    {
        "pk": 41,
        "model": "shoppingcart.item",
        "fields": {
            "product": 4,
            "order": 25,
            "quantity": 1
        }
    },
    {
        "pk": 39,
        "model": "shoppingcart.item",
        "fields": {
            "product": 2,
            "order": 24,
            "quantity": 100
        }
    },
    {
        "pk": 38,
        "model": "shoppingcart.item",
        "fields": {
            "product": 3,
            "order": 23,
            "quantity": 1
        }
    },
    {
        "pk": 36,
        "model": "shoppingcart.item",
        "fields": {
            "product": 6,
            "order": 22,
            "quantity": 4
        }
    },
    {
        "pk": 37,
        "model": "shoppingcart.item",
        "fields": {
            "product": 7,
            "order": 22,
            "quantity": 2
        }
    },
    {
        "pk": 35,
        "model": "shoppingcart.item",
        "fields": {
            "product": 3,
            "order": 21,
            "quantity": 2
        }
    },
    {
        "pk": 33,
        "model": "shoppingcart.item",
        "fields": {
            "product": 3,
            "order": 20,
            "quantity": 19
        }
    },
    {
        "pk": 34,
        "model": "shoppingcart.item",
        "fields": {
            "product": 4,
            "order": 20,
            "quantity": 1
        }
    },
    {
        "pk": 29,
        "model": "shoppingcart.item",
        "fields": {
            "product": 1,
            "order": 19,
            "quantity": 20
        }
    },
    {
        "pk": 30,
        "model": "shoppingcart.item",
        "fields": {
            "product": 2,
            "order": 19,
            "quantity": 22
        }
    },
    {
        "pk": 31,
        "model": "shoppingcart.item",
        "fields": {
            "product": 3,
            "order": 19,
            "quantity": 30
        }
    },
    {
        "pk": 32,
        "model": "shoppingcart.item",
        "fields": {
            "product": 4,
            "order": 19,
            "quantity": 10
        }
    },
    {
        "pk": 25,
        "model": "shoppingcart.item",
        "fields": {
            "product": 1,
            "order": 18,
            "quantity": 5
        }
    },
    {
        "pk": 26,
        "model": "shoppingcart.item",
        "fields": {
            "product": 2,
            "order": 18,
            "quantity": 11
        }
    },
    {
        "pk": 27,
        "model": "shoppingcart.item",
        "fields": {
            "product": 3,
            "order": 18,
            "quantity": 4
        }
    },
    {
        "pk": 28,
        "model": "shoppingcart.item",
        "fields": {
            "product": 4,
            "order": 18,
            "quantity": 1
        }
    },
    {
        "pk": 23,
        "model": "shoppingcart.item",
        "fields": {
            "product": 3,
            "order": 17,
            "quantity": 1
        }
    },
    {
        "pk": 24,
        "model": "shoppingcart.item",
        "fields": {
            "product": 4,
            "order": 17,
            "quantity": 2
        }
    },
    {
        "pk": 22,
        "model": "shoppingcart.item",
        "fields": {
            "product": 4,
            "order": 16,
            "quantity": 6
        }
    },
    {
        "pk": 21,
        "model": "shoppingcart.item",
        "fields": {
            "product": 4,
            "order": 15,
            "quantity": 1
        }
    },
    {
        "pk": 19,
        "model": "shoppingcart.item",
        "fields": {
            "product": 3,
            "order": 14,
            "quantity": 4
        }
    },
    {
        "pk": 20,
        "model": "shoppingcart.item",
        "fields": {
            "product": 4,
            "order": 14,
            "quantity": 2
        }
    },
    {
        "pk": 18,
        "model": "shoppingcart.item",
        "fields": {
            "product": 3,
            "order": 12,
            "quantity": 1
        }
    },
    {
        "pk": 16,
        "model": "shoppingcart.item",
        "fields": {
            "product": 3,
            "order": 11,
            "quantity": 1
        }
    },
    {
        "pk": 17,
        "model": "shoppingcart.item",
        "fields": {
            "product": 4,
            "order": 11,
            "quantity": 9
        }
    },
    {
        "pk": 14,
        "model": "shoppingcart.item",
        "fields": {
            "product": 3,
            "order": 10,
            "quantity": 13
        }
    },
    {
        "pk": 15,
        "model": "shoppingcart.item",
        "fields": {
            "product": 4,
            "order": 10,
            "quantity": 1
        }
    },
    {
        "pk": 13,
        "model": "shoppingcart.item",
        "fields": {
            "product": 4,
            "order": 9,
            "quantity": 1
        }
    },
    {
        "pk": 10,
        "model": "shoppingcart.item",
        "fields": {
            "product": 1,
            "order": 8,
            "quantity": 4
        }
    },
    {
        "pk": 11,
        "model": "shoppingcart.item",
        "fields": {
            "product": 3,
            "order": 8,
            "quantity": 3
        }
    },
    {
        "pk": 12,
        "model": "shoppingcart.item",
        "fields": {
            "product": 4,
            "order": 8,
            "quantity": 1
        }
    },
    {
        "pk": 9,
        "model": "shoppingcart.item",
        "fields": {
            "product": 7,
            "order": 7,
            "quantity": 1
        }
    },
    {
        "pk": 8,
        "model": "shoppingcart.item",
        "fields": {
            "product": 4,
            "order": 6,
            "quantity": 5
        }
    },
    {
        "pk": 6,
        "model": "shoppingcart.item",
        "fields": {
            "product": 3,
            "order": 4,
            "quantity": 5
        }
    },
    {
        "pk": 7,
        "model": "shoppingcart.item",
        "fields": {
            "product": 4,
            "order": 4,
            "quantity": 1
        }
    },
    {
        "pk": 3,
        "model": "shoppingcart.item",
        "fields": {
            "product": 1,
            "order": 2,
            "quantity": 3
        }
    },
    {
        "pk": 4,
        "model": "shoppingcart.item",
        "fields": {
            "product": 2,
            "order": 2,
            "quantity": 1
        }
    },
    {
        "pk": 1,
        "model": "shoppingcart.item",
        "fields": {
            "product": 3,
            "order": 1,
            "quantity": 1
        }
    },
    {
        "pk": 2,
        "model": "shoppingcart.item",
        "fields": {
            "product": 4,
            "order": 1,
            "quantity": 1
        }
    }
]